,model,parameters,best cv score,validation score,test score,MAE train,MAE test,RMSE train,RMSE test,R2 train,R2 test
0,Linear Regression,,-1172018440.4057026,-1093548080.0988693,-540533105.8343711,13389.662786296547,17227.10848644998,21213.391235649848,23249.367858812227,0.9246919268686277,0.9071687514786302
